album_id,album_name,album_type,artists,release_year,release_date,cover_album,total_tracks,available_markets,total_available_markets,album_uri
4bHxlso02RaAgI7VRUpbrz,Enter,album,Within Temptation,1997,1997-04-06,https://i.scdn.co/image/ab67616d0000b2733d9bc1a0f62a6b71e8d97134,8,"AD,AE,AR,AT,AU,BE,BG,BH,BO,BR,CA,CH,CL,CO,CR,CY,CZ,DE,DK,DO,DZ,EC,EE,EG,ES,FI,FR,GB,GR,GT,HK,HN,HU,ID,IE,IL,IN,IS,IT,JO,JP,KW,LB,LI,LT,LU,LV,MA,MC,MT,MX,MY,NI,NL,NO,NZ,OM,PA,PE,PH,PL,PS,PT,PY,QA,RO,SA,SE,SG,SK,SV,TH,TN,TR,TW,UY,VN,ZA",78,spotify:album:4bHxlso02RaAgI7VRUpbrz
63rlrEjFSRaN6ZP41vzJ7t,The Dance,single,Within Temptation,1998,1998-07-21,https://i.scdn.co/image/ab67616d0000b273ea5921f43ecad14e96b0f498,5,"AD,AE,AR,AT,AU,BE,BG,BH,BO,BR,CA,CH,CL,CO,CR,CY,CZ,DE,DK,DO,DZ,EC,EE,EG,ES,FI,FR,GB,GR,GT,HK,HN,HU,ID,IE,IL,IN,IS,IT,JO,JP,KW,LB,LI,LT,LU,LV,MA,MC,MT,MX,MY,NI,NL,NO,NZ,OM,PA,PE,PH,PL,PS,PT,PY,QA,RO,SA,SE,SG,SK,SV,TH,TN,TR,TW,UY,VN,ZA",78,spotify:album:63rlrEjFSRaN6ZP41vzJ7t
2eUdhPZOgcYV4EU2lZC8xQ,Mother Earth,album,Within Temptation,2000,2000-12-24,https://i.scdn.co/image/ab67616d0000b2733bcb67c1f6930d5d6619fac4,14,"BE,BR,LU,NL",4,spotify:album:2eUdhPZOgcYV4EU2lZC8xQ
01J8f25FtFdLr9RkEjLdHV,Stand My Ground,single,Within Temptation,2001,2001-01-01,https://i.scdn.co/image/ab67616d0000b273fcef90f88820ab7271ac3e71,3,"AD,AE,AR,AT,AU,BE,BG,BH,BO,BR,CA,CH,CL,CO,CR,CY,CZ,DE,DK,DO,DZ,EC,EE,EG,ES,FI,FR,GB,GR,GT,HN,HU,IE,IL,IS,IT,JO,KW,LB,LI,LT,LU,LV,MA,MC,MT,MX,NI,NL,NO,NZ,OM,PA,PE,PL,PS,PT,PY,QA,RO,SA,SE,SK,SV,TN,TR,UY,ZA",68,spotify:album:01J8f25FtFdLr9RkEjLdHV
5xgEqUqTQ19PPt5bElrS7V,Mother Earth,album,Within Temptation,2003,2003-02-17,https://i.scdn.co/image/ab67616d0000b27395d715c7953b9852c4870dc6,14,"AD,AE,AR,AT,AU,BG,BH,BO,CA,CH,CL,CO,CR,CY,CZ,DE,DK,DO,DZ,EC,EE,EG,ES,FI,FR,GB,GR,GT,HK,HN,HU,ID,IE,IL,IN,IS,IT,JO,JP,KW,LB,LI,LT,LV,MA,MC,MT,MX,MY,NI,NO,NZ,OM,PA,PE,PH,PL,PS,PT,PY,QA,RO,SA,SE,SG,SK,SV,TH,TN,TR,TW,US,UY,VN,ZA",75,spotify:album:5xgEqUqTQ19PPt5bElrS7V
0ehbgVEz64sK4LKPYrI6Os,Ice Queen,single,Within Temptation,2003,2003-05-12,https://i.scdn.co/image/ab67616d0000b2736e921278a55b1c98648ff802,3,"AD,AE,AR,AT,AU,BG,BH,BO,CH,CL,CO,CR,CY,CZ,DE,DK,DO,DZ,EC,EE,EG,ES,FI,FR,GR,GT,HN,HU,IE,IL,IS,IT,JO,JP,KW,LB,LI,LT,LV,MA,MC,MT,MX,NI,NO,NZ,OM,PA,PE,PL,PS,PT,PY,QA,RO,SA,SE,SK,SV,TN,TR,UY,ZA",63,spotify:album:0ehbgVEz64sK4LKPYrI6Os
4j5gtY29b8exlWOFL7WhGe,Mother Earth,single,Within Temptation,2003,2003-10-03,https://i.scdn.co/image/ab67616d0000b273649a0772b3d615b048c54e81,5,"AD,AE,AR,AT,AU,BE,BG,BH,BO,BR,CH,CL,CO,CR,CY,CZ,DE,DK,DO,DZ,EC,EE,EG,ES,FI,FR,GB,GR,GT,HK,HN,HU,ID,IE,IL,IN,IS,IT,JO,JP,KW,LB,LI,LT,LU,LV,MA,MC,MT,MX,MY,NI,NL,NO,NZ,OM,PA,PE,PH,PL,PS,PT,PY,QA,RO,SA,SE,SG,SK,SV,TH,TN,TR,TW,UY,VN,ZA",77,spotify:album:4j5gtY29b8exlWOFL7WhGe
4HQlkv5CDvNmzIJSXjkWJr,Celtic Circle,compilation,Various Artists,2003,2003-10-07,https://i.scdn.co/image/ab67616d0000b273a10854aae266c65b08c719b2,31,"AR,BO,BR,CA,CL,CO,CR,DO,EC,GT,HK,HN,ID,IN,MX,MY,NI,PA,PE,PH,PY,SG,SV,TH,TW,US,UY,VN",28,spotify:album:4HQlkv5CDvNmzIJSXjkWJr
7BO8ztdVgp7rPuQhED9xVw,Stand My Ground,single,Within Temptation,2004,2004-10-25,https://i.scdn.co/image/ab67616d0000b273853760ee5786e221aeeb51fa,4,"AE,AR,AU,BH,BO,BR,CL,CO,CR,DO,EC,EG,GT,HN,JO,KW,LB,MX,NI,NZ,OM,PA,PE,PS,PY,QA,SA,SV,UY",29,spotify:album:7BO8ztdVgp7rPuQhED9xVw
7Mqb9JDLwwr4kLuNXFnuJZ,The Silent Force,album,Within Temptation,2004,2004-11-15,https://i.scdn.co/image/ab67616d0000b27385fc8567babaf945bda677c3,13,"AD,AE,AR,AT,AU,BE,BG,BH,BO,BR,CA,CH,CL,CO,CR,CY,CZ,DE,DK,DO,DZ,EC,EE,EG,ES,FI,FR,GB,GR,GT,HK,HN,HU,ID,IE,IL,IN,IS,IT,JO,JP,KW,LB,LI,LT,LU,LV,MA,MC,MT,MX,MY,NI,NL,NO,NZ,OM,PA,PE,PH,PL,PS,PT,PY,QA,RO,SA,SE,SG,SK,SV,TH,TN,TR,TW,US,UY,VN,ZA",79,spotify:album:7Mqb9JDLwwr4kLuNXFnuJZ
6BMdKIrwWJ0kg1U0kz4EqZ,Memories,single,Within Temptation,2005,2005-01-31,https://i.scdn.co/image/ab67616d0000b27347611e012bb98c01bdc6ea5b,4,"AD,AE,AR,AT,AU,BE,BG,BH,BO,BR,CA,CH,CL,CO,CR,CY,CZ,DE,DK,DO,DZ,EC,EE,EG,ES,FI,FR,GB,GR,GT,HK,HN,HU,ID,IE,IL,IN,IS,IT,JO,KW,LB,LI,LT,LU,LV,MA,MC,MT,MX,MY,NI,NL,NO,NZ,OM,PA,PE,PH,PL,PS,PT,PY,QA,RO,SA,SE,SG,SK,SV,TH,TN,TR,TW,UY,VN,ZA",77,spotify:album:6BMdKIrwWJ0kg1U0kz4EqZ
4buqYJzynjkOnKAIdkAr2k,Bravo Hits Vol. 49,compilation,Various Artists,2005,2005-06-10,https://i.scdn.co/image/ab67616d0000b273d0ae6d7badda3d802e3bea08,42,"AE,AR,BH,BO,BR,CL,CO,CR,CY,DO,EC,EG,GB,GR,GT,HN,IE,IT,JO,JP,KW,LB,MT,MX,NI,OM,PA,PE,PS,PY,QA,SA,SE,SV,UY",35,spotify:album:4buqYJzynjkOnKAIdkAr2k
1C6LsaLe5jHhs5MbEC556n,Just The Best Vol. 52,compilation,Various Artists,2005,2005-07-15,https://i.scdn.co/image/ab67616d0000b273014024a5c3dc2997ae7bbbeb,40,"AD,AE,AR,AT,BH,BO,BR,CH,CL,CO,CR,CY,DO,DZ,EC,EG,FR,GB,GR,GT,HN,IE,IT,JO,JP,KW,LB,LI,MA,MC,MT,MX,NI,OM,PA,PE,PS,PY,QA,SA,SE,SV,TN,UY",44,spotify:album:1C6LsaLe5jHhs5MbEC556n
4GTAWyejCsSEQbXADPAiqA,What Have You Done (feat. Keith Caputo),single,Within Temptation,2007,2007-01-03,https://i.scdn.co/image/ab67616d0000b2731a4c982cfd97140a5370759a,2,"AD,AE,AR,AT,BE,BG,BH,BO,BR,CA,CH,CL,CO,CR,CY,CZ,DE,DK,DO,DZ,EC,EE,EG,ES,FI,FR,GB,GR,GT,HN,HU,IE,IL,IS,IT,JO,JP,KW,LB,LI,LT,LU,LV,MA,MC,MT,MX,NI,NL,NO,OM,PA,PE,PL,PS,PT,PY,QA,RO,SA,SE,SK,SV,TN,TR,UY,ZA",67,spotify:album:4GTAWyejCsSEQbXADPAiqA
6FEMqfzcDHvV918vpx8LKe,What Have You Done,single,Within Temptation,2007,2007-02-16,https://i.scdn.co/image/ab67616d0000b2737466ab36f0e837ac2742febf,3,"AR,AT,BO,BR,CH,CL,CO,CR,DE,DO,EC,GT,HN,LI,MX,NI,PA,PE,PY,SV,UY",21,spotify:album:6FEMqfzcDHvV918vpx8LKe
3WweYGpwPZWT6WFMsV0iad,The Heart Of Everything,album,Within Temptation,2007,2007-03-09,https://i.scdn.co/image/ab67616d0000b2736690b84f646fe61e6bfea537,11,"AR,AT,BO,BR,CH,CL,CO,CR,DK,DO,EC,ES,GB,GT,HN,IS,JP,LI,MX,NI,PA,PE,PY,SV,UY",25,spotify:album:3WweYGpwPZWT6WFMsV0iad
0X5oJQ6o4rTeAtunxjSF1x,The Heart of Everything,album,Within Temptation,2007,2007-03-09,https://i.scdn.co/image/ab67616d0000b2739da438eca0065b845ff1e5cc,14,"AD,AE,AR,AT,AU,BE,BG,BH,BO,BR,CA,CH,CL,CO,CR,CY,CZ,DE,DK,DO,DZ,EC,EE,EG,ES,FI,FR,GB,GR,GT,HK,HN,HU,ID,IE,IL,IN,IS,IT,JO,JP,KW,LB,LI,LT,LU,LV,MA,MC,MT,MX,MY,NI,NL,NO,NZ,OM,PA,PE,PH,PL,PS,PT,PY,QA,RO,SA,SE,SG,SK,SV,TH,TN,TR,TW,US,UY,VN,ZA",79,spotify:album:0X5oJQ6o4rTeAtunxjSF1x
1kxMN3p0oJ41bdxqCUqUKU,What Have You Done (European Radio Version),single,Within Temptation,2007,2007-03-09,https://i.scdn.co/image/ab67616d0000b273732014bd7e66f2261f813e55,1,"AR,BO,BR,CA,CH,CL,CO,CR,DO,EC,GT,HN,JP,LI,MX,NI,PA,PE,PY,SV,UY",21,spotify:album:1kxMN3p0oJ41bdxqCUqUKU
0ZhkvLyotgvyRjDHJltzZ8,See Who I Am (Live),single,Within Temptation,2007,2007-03-30,https://i.scdn.co/image/ab67616d0000b27386af09b5b214c42089ee47f3,3,"IT,MT",2,spotify:album:0ZhkvLyotgvyRjDHJltzZ8
4ySG7JiwI3fmxxjtd6814c,Frozen,single,Within Temptation,2007,2007-06-22,https://i.scdn.co/image/ab67616d0000b273de9877f6996e0585b8570848,3,"AR,AT,BO,BR,CH,CL,CO,CR,DE,DO,EC,GT,HN,LI,MX,NI,PA,PE,PY,SV,UY",21,spotify:album:4ySG7JiwI3fmxxjtd6814c
2y4zMbauYhdUNHYzyMI79j,Back To School 2007,compilation,Various Artists,2007,2007-07-23,https://i.scdn.co/image/ab67616d0000b27300dc5a6637d1656f6c62d797,18,"EE,FI,LT,LV,TW",5,spotify:album:2y4zMbauYhdUNHYzyMI79j
2PlQlO5OoupZAFNqN7PMl9,All I Need,single,Within Temptation,2007,2007-10-15,https://i.scdn.co/image/ab67616d0000b273f34551428b8f413050e19030,1,MT,1,spotify:album:2PlQlO5OoupZAFNqN7PMl9
6nRzWxLGZUEGCwZZoFJxaG,All I Need,single,Within Temptation,2007,2007-11-02,https://i.scdn.co/image/ab67616d0000b273cd955647e00a10b04c24bb22,5,"AD,AE,AR,AT,AU,BE,BG,BH,BO,BR,CA,CH,CL,CO,CR,CZ,DE,DK,DO,DZ,EC,EE,EG,ES,FI,FR,GB,GT,HK,HN,HU,ID,IE,IL,IN,IS,IT,JO,JP,KW,LB,LI,LT,LU,LV,MA,MC,MT,MX,MY,NI,NL,NO,NZ,OM,PA,PE,PH,PL,PS,PY,QA,RO,SA,SE,SG,SK,SV,TH,TN,TR,TW,US,UY,VN,ZA",76,spotify:album:6nRzWxLGZUEGCwZZoFJxaG
32ROP0fhFZxRS91q7C2mQU,The Heart Of Everything,album,Within Temptation,2007,2007-11-09,https://i.scdn.co/image/ab67616d0000b2731a1286f276e7390de7c30cbd,16,"AD,AE,BE,BG,BH,CY,CZ,DK,DZ,EE,EG,ES,FI,FR,GB,GR,HU,IE,IL,IS,IT,JO,KW,LB,LT,LU,LV,MA,MC,MT,NL,NO,OM,PL,PS,PT,QA,RO,SA,SE,SK,TN,TR,ZA",44,spotify:album:32ROP0fhFZxRS91q7C2mQU
0bayuroJvQCkBAwjHdfTqT,All I Need,single,Within Temptation,2007,2007-11-09,https://i.scdn.co/image/ab67616d0000b27325cd105cada4e1de28497743,3,CA,1,spotify:album:0bayuroJvQCkBAwjHdfTqT
65HoTbvF4TyY4eOVQO8LSt,All I Need,single,Within Temptation,2007,2007-11-12,https://i.scdn.co/image/ab67616d0000b273df7c4d17df7450407b99408f,2,"AD,AE,BH,DK,DZ,EE,EG,FI,FR,IS,JO,KW,LB,LT,LV,MA,MC,OM,PS,PT,QA,SA,TN",23,spotify:album:65HoTbvF4TyY4eOVQO8LSt
2GTmSfqtecxtA2FYSDCXIf,Forgiven,single,Within Temptation,2008,2008-09-12,https://i.scdn.co/image/ab67616d0000b2735f43971e0cac3378a7bf69b2,2,"AT,DE",2,spotify:album:2GTmSfqtecxtA2FYSDCXIf
2d2yosIQq9wYXDC7fpx8od,Forgiven,single,Within Temptation,2008,2008-09-19,https://i.scdn.co/image/ab67616d0000b273e5280c4d6f7ae088f02c60b7,5,"AD,AE,AR,AT,AU,BE,BG,BH,BO,BR,CH,CL,CO,CR,CY,CZ,DE,DK,DO,DZ,EC,EE,EG,ES,FI,FR,GB,GR,GT,HK,HN,HU,ID,IE,IL,IN,IS,IT,JO,JP,KW,LB,LI,LT,LU,LV,MA,MC,MT,MX,MY,NI,NL,NO,NZ,OM,PA,PE,PH,PL,PS,PT,PY,QA,RO,SA,SE,SG,SK,SV,TH,TN,TR,TW,UY,VN,ZA",77,spotify:album:2d2yosIQq9wYXDC7fpx8od
3nWooA1z67HzBBlscfnHDC,Black Symphony,album,Within Temptation,2008,2008-09-19,https://i.scdn.co/image/ab67616d0000b273308c0a4bb55ad64a4406f00e,23,"AD,AE,AR,AT,AU,BE,BG,BH,BO,BR,CA,CH,CL,CO,CR,CY,CZ,DE,DK,DO,DZ,EC,EE,EG,ES,FI,FR,GB,GR,GT,HK,HN,HU,ID,IE,IL,IN,IS,IT,JO,JP,KW,LB,LI,LT,LU,LV,MA,MC,MT,MX,MY,NI,NL,NO,NZ,OM,PA,PE,PH,PL,PS,PT,PY,QA,RO,SA,SE,SG,SK,SV,TH,TN,TR,TW,US,UY,VN,ZA",79,spotify:album:3nWooA1z67HzBBlscfnHDC
7dUjOXgcdwmtKS6lThaeYe,Forgiven: Famous 5,single,Within Temptation,2008,2008-10-10,https://i.scdn.co/image/ab67616d0000b27322a938f4f52e767d28394c45,5,"AR,AT,AU,BO,BR,CH,CL,CO,CR,DE,DO,EC,EE,FI,GT,HK,HN,ID,IN,LI,LT,LV,MX,MY,NI,NZ,PA,PE,PH,PY,SG,SV,TH,TW,UY,VN",36,spotify:album:7dUjOXgcdwmtKS6lThaeYe
7KMOq7APYdd8Mo8A2ViJNa,A State Of Trance Episode 425,album,Armin van Buuren ASOT Radio,2009,2009-10-08,https://i.scdn.co/image/ab67616d0000b273e90f3705203a6e89b9d986d3,16,"AD,AE,AR,AT,AU,BE,BG,BH,BO,BR,CA,CH,CL,CO,CR,CY,CZ,DE,DK,DO,DZ,EC,EE,EG,ES,FI,FR,GB,GR,GT,HK,HN,HU,ID,IE,IL,IN,IS,IT,JO,JP,KW,LB,LI,LT,LU,LV,MA,MC,MT,MX,MY,NI,NL,NO,NZ,OM,PA,PE,PH,PL,PS,PT,PY,QA,RO,SA,SE,SG,SK,SV,TH,TN,TR,TW,US,UY,VN,ZA",79,spotify:album:7KMOq7APYdd8Mo8A2ViJNa
7fZ4RfJchClFVgI8KiK5A0,Utopia,single,Within Temptation,2009,2009-10-22,https://i.scdn.co/image/ab67616d0000b273f381d6858fd6d4e523437117,2,"AD,AR,AT,BE,BG,BO,BR,CH,CO,CR,CY,CZ,DK,DO,DZ,EC,EE,ES,FI,FR,GR,GT,HK,HN,HU,IL,IN,IS,IT,LI,LT,LU,LV,MA,MC,MT,MX,NI,NL,NO,PA,PE,PL,PT,PY,RO,SE,SK,SV,TN,TR,TW,UY,VN",54,spotify:album:7fZ4RfJchClFVgI8KiK5A0
14wXAj2FlTt9UNoA0qdRlX,An Acoustic Night At The Theatre,album,Within Temptation,2009,2009-11-02,https://i.scdn.co/image/ab67616d0000b27312bc3c383be775e987a9e0c9,13,"AD,AE,AR,BE,BG,BH,BO,BR,CL,CO,CR,CY,CZ,DK,DO,DZ,EC,EE,EG,ES,FI,FR,GR,GT,HK,HN,HU,IL,IN,IS,IT,JO,KW,LB,LT,LU,LV,MA,MC,MT,MX,NI,NL,NO,OM,PA,PE,PL,PS,PT,PY,QA,RO,SA,SE,SK,SV,TN,TR,TW,US,UY,VN",63,spotify:album:14wXAj2FlTt9UNoA0qdRlX
4tnIylIZsvcpWRkiCyWeM9,An Acoustic Night at the Theatre (Live),album,Within Temptation,2009,2009-11-02,https://i.scdn.co/image/ab67616d0000b273afb55070d2dace435bab0258,12,"AD,AE,AR,AT,AU,BE,BG,BH,BO,BR,CA,CH,CL,CO,CR,CY,CZ,DE,DK,DO,DZ,EC,EE,EG,ES,FI,FR,GB,GR,GT,HK,HN,HU,ID,IE,IL,IN,IS,IT,JO,JP,KW,LB,LI,LT,LU,LV,MA,MC,MT,MX,MY,NI,NL,NO,NZ,OM,PA,PE,PH,PL,PS,PT,PY,QA,RO,SA,SE,SG,SK,SV,TH,TN,TR,TW,US,UY,VN,ZA",79,spotify:album:4tnIylIZsvcpWRkiCyWeM9
1HO992X4um8z1uvkYtPc0q,The Temptation Within,single,Steve Birch,2009,2009-12-07,https://i.scdn.co/image/ab67616d0000b27339962b4ea1d9ee1717a4cf6f,4,"AD,AE,AR,AT,AU,BE,BG,BH,BO,BR,CA,CH,CL,CO,CR,CY,CZ,DE,DK,DO,DZ,EC,EE,EG,ES,FI,FR,GB,GR,GT,HK,HN,HU,ID,IE,IL,IN,IS,IT,JO,JP,KW,LB,LI,LT,LU,LV,MA,MC,MT,MX,MY,NI,NL,NO,NZ,OM,PA,PE,PH,PL,PS,PT,PY,QA,RO,SA,SE,SG,SK,SV,TH,TN,TR,TW,US,UY,VN,ZA",79,spotify:album:1HO992X4um8z1uvkYtPc0q
7D2ykt87GN4op2jLe5K4sc,Faster,single,Within Temptation,2011,2011-03-11,https://i.scdn.co/image/ab67616d0000b273ec62860894235369b3127005,2,"AD,AE,AR,AT,AU,BE,BG,BH,BO,BR,CH,CL,CO,CR,CY,CZ,DE,DK,DO,DZ,EC,EE,EG,ES,FI,FR,GB,GR,GT,HK,HN,HU,ID,IE,IL,IN,IS,IT,JO,JP,KW,LB,LI,LT,LU,LV,MA,MC,MT,MX,MY,NI,NL,NO,NZ,OM,PA,PE,PH,PL,PS,PT,PY,QA,RO,SA,SE,SG,SK,SV,TH,TN,TR,TW,UY,VN,ZA",77,spotify:album:7D2ykt87GN4op2jLe5K4sc
19lclE5bq4z7CYf5svVWPr,The Unforgiving,single,Within Temptation,2011,2011-03-18,https://i.scdn.co/image/ab67616d0000b273b1348c68194165bafcfdfabc,5,NL,1,spotify:album:19lclE5bq4z7CYf5svVWPr
1tlnNem19ENnRvFalZqxLK,The Unforgiving,album,Within Temptation,2011,2011-03-25,https://i.scdn.co/image/ab67616d0000b273d85125df7939073fbc1b956e,13,"AD,AR,BE,BG,BO,BR,CL,CO,CR,CY,CZ,DK,DO,DZ,EC,EE,ES,FI,FR,GR,GT,HK,HN,HU,IL,IN,IS,IT,LT,LU,LV,MA,MC,MT,MX,NI,NL,NO,PA,PE,PL,PT,PY,RO,SE,SK,SV,TN,TR,TW,UY,VN",52,spotify:album:1tlnNem19ENnRvFalZqxLK
6N2Dn0OZ8KUDLsRqdToPcc,The Unforgiving,album,Within Temptation,2011,2011-03-28,https://i.scdn.co/image/ab67616d0000b2737dff5fe249a4196c490242ad,12,"AD,AE,AR,AT,AU,BE,BG,BH,BO,BR,CA,CH,CL,CO,CR,CY,CZ,DE,DK,DO,DZ,EC,EE,EG,ES,FI,FR,GB,GR,GT,HK,HN,HU,ID,IE,IL,IN,IS,IT,JO,JP,KW,LB,LI,LT,LU,LV,MA,MC,MT,MX,MY,NI,NL,NO,NZ,OM,PA,PE,PH,PL,PS,PT,PY,QA,RO,SA,SE,SG,SK,SV,TH,TN,TR,TW,US,UY,VN,ZA",79,spotify:album:6N2Dn0OZ8KUDLsRqdToPcc
1hJWAauv9FNdP8yUlWSDwp,The Unforgiving,album,Within Temptation,2011,2011-03-29,https://i.scdn.co/image/ab67616d0000b273e0a3774cd8e84df9fccf0c14,12,"BG,IL,PL,RO",4,spotify:album:1hJWAauv9FNdP8yUlWSDwp
1lnsc2EAevl8n2LNuQYCKE,Sinéad,single,Within Temptation,2011,2011-04-25,https://i.scdn.co/image/ab67616d0000b273c3eea6cb3889bf68a64c5d5b,1,"AD,AR,BE,BG,BO,BR,CL,CO,CR,CY,CZ,DK,DO,DZ,EC,EE,ES,FI,FR,GR,GT,HK,HN,HU,IL,IN,IS,IT,LT,LU,LV,MA,MC,MT,MX,NI,NL,NO,PA,PE,PL,PT,PY,RO,SE,SK,SV,TN,TR,TW,UY,VN",52,spotify:album:1lnsc2EAevl8n2LNuQYCKE
47H4A8fqBIHaMZvHy4q71O,Leijonat 2011 - Virallinen Leijonat -kokoelma,compilation,Various Artists,2011,2011-05-30,https://i.scdn.co/image/ab67616d0000b2737252d3ff11bfa516b3c88a8e,20,"EE,FI,LT,LV",4,spotify:album:47H4A8fqBIHaMZvHy4q71O
2pdsJZNBTxzAVLptKQlhbJ,Dream Dance Vol. 60,compilation,Various Artists,2011,2011-07-08,https://i.scdn.co/image/ab67616d0000b2736372398523b8483669a90a7d,43,DE,1,spotify:album:2pdsJZNBTxzAVLptKQlhbJ
06QxIY1TbsKRtCRshFdqGu,Sinéad,single,Within Temptation,2011,2011-07-15,https://i.scdn.co/image/ab67616d0000b273ad7913c2adbc6a98796ff484,6,"AD,AE,AR,AT,AU,BE,BG,BH,BO,BR,CH,CL,CO,CR,CY,CZ,DE,DK,DO,DZ,EC,EE,EG,ES,FI,FR,GB,GR,GT,HK,HN,HU,ID,IE,IL,IN,IS,IT,JO,JP,KW,LB,LI,LT,LU,LV,MA,MC,MT,MX,MY,NI,NL,NO,NZ,OM,PA,PE,PH,PL,PS,PT,PY,QA,RO,SA,SE,SG,SK,SV,TH,TN,TR,TW,UY,VN,ZA",77,spotify:album:06QxIY1TbsKRtCRshFdqGu
2nkQHTwAcJyYHYlTqoWCvb,Qmusic Top 500 van deze Eeuw (2011),compilation,Various Artists,2011,2011-08-26,https://i.scdn.co/image/ab67616d0000b273904e44df6d779b33fd5e7bbf,89,NL,1,spotify:album:2nkQHTwAcJyYHYlTqoWCvb
3mEt5egWLoK3imDuuNCJ8V,4 DJ's Only 10,compilation,Various Artists,2011,2011-10-04,https://i.scdn.co/image/ab67616d0000b273806a994f52490ed2fdd6de6b,19,"BE,LU",2,spotify:album:3mEt5egWLoK3imDuuNCJ8V
3qB4eQSJ2UgViUwWetDIrn,Armada Weekly 2011 - 42 (This Week's New Single Releases),compilation,Various Artists,2011,2011-10-17,https://i.scdn.co/image/ab67616d0000b273f90570904364f1429aecc521,31,"AD,AE,AR,AT,AU,BE,BG,BH,BO,BR,CA,CH,CL,CO,CR,CY,CZ,DE,DK,DO,DZ,EC,EE,EG,ES,FI,FR,GB,GR,GT,HK,HN,HU,ID,IE,IL,IN,IS,IT,JO,JP,KW,LB,LI,LT,LU,LV,MA,MC,MT,MX,MY,NI,NL,NO,NZ,OM,PA,PE,PH,PL,PS,PT,PY,QA,RO,SA,SE,SG,SK,SV,TH,TN,TR,TW,US,UY,VN,ZA",79,spotify:album:3qB4eQSJ2UgViUwWetDIrn
3NzrGar00BVcO9m24ZgKju,Sinéad,single,Within Temptation,2011,2011-10-17,https://i.scdn.co/image/ab67616d0000b273ec3999f62b670776ce48ecd4,4,"AD,AE,AR,AU,BE,BG,BH,BO,BR,CA,CL,CO,CR,CY,CZ,DK,DO,DZ,EC,EE,EG,ES,FI,FR,GB,GR,GT,HK,HN,HU,ID,IE,IL,IN,IS,IT,JO,JP,KW,LB,LI,LT,LU,LV,MA,MC,MT,MX,MY,NI,NL,NO,NZ,OM,PA,PE,PH,PL,PS,PT,PY,QA,RO,SA,SE,SG,SK,SV,TH,TN,TR,TW,US,UY,VN,ZA",76,spotify:album:3NzrGar00BVcO9m24ZgKju
1mCiaIaDrdihhtBSnlGunX,Dash Berlin Top 15 - November 2011 (Including Classic Bonus Track),compilation,Dash Berlin,2011,2011-11-11,https://i.scdn.co/image/ab67616d0000b2737908e6b719c38fa7659901d2,16,"AD,AE,AR,AT,AU,BE,BG,BH,BO,BR,CA,CH,CL,CO,CR,CY,CZ,DE,DK,DO,DZ,EC,EE,EG,ES,FI,FR,GB,GR,GT,HK,HN,HU,ID,IE,IL,IN,IS,IT,JO,JP,KW,LB,LI,LT,LU,LV,MA,MC,MT,MX,MY,NI,NL,NO,NZ,OM,PA,PE,PH,PL,PS,PT,PY,QA,RO,SA,SE,SG,SK,SV,TH,TN,TR,TW,US,UY,VN,ZA",79,spotify:album:1mCiaIaDrdihhtBSnlGunX
0lC4C8m4N0KYy7G31HLAHQ,"Trance Essentials 2012, Vol. 1 [Mixed Version] (50 Trance Hits In The Mix)",compilation,Various Artists,2011,2011-11-25,https://i.scdn.co/image/ab67616d0000b27374870b1b2caeb1e380439501,50,"CA,US",2,spotify:album:0lC4C8m4N0KYy7G31HLAHQ
0X6f39b5DDQZsE2E1u2ztE,Armada Top 15 - December 2011,compilation,Various Artists,2011,2011-11-25,https://i.scdn.co/image/ab67616d0000b2732ef6e079f27b5264c5050d80,15,"AD,AE,AR,AT,AU,BE,BG,BH,BO,BR,CH,CL,CO,CR,CY,CZ,DE,DK,DO,DZ,EC,EE,EG,ES,FI,FR,GB,GR,GT,HK,HN,HU,ID,IE,IL,IN,IS,IT,JO,JP,KW,LB,LI,LT,LU,LV,MA,MC,MT,MX,MY,NI,NL,NO,NZ,OM,PA,PE,PH,PL,PS,PT,PY,QA,RO,SA,SE,SG,SK,SV,TH,TN,TR,TW,UY,VN,ZA",77,spotify:album:0X6f39b5DDQZsE2E1u2ztE
2RhmRc5bLmw1gD4BIqFgYn,Armada Stream 40 - Best Of 2011,compilation,Various Artists,2011,2011-12-02,https://i.scdn.co/image/ab67616d0000b273f30b26a49551ae6ea0acd255,40,"AD,AE,AR,AT,AU,BE,BG,BH,BO,BR,CH,CL,CO,CR,CY,CZ,DE,DK,DO,DZ,EC,EE,EG,ES,FI,FR,GB,GR,GT,HK,HN,HU,ID,IE,IL,IN,IS,IT,JO,JP,KW,LB,LI,LT,LU,LV,MA,MC,MT,MX,MY,NI,NL,NO,NZ,OM,PA,PE,PH,PL,PS,PT,PY,QA,RO,SA,SE,SG,SK,SV,TH,TN,TR,TW,UY,VN,ZA",77,spotify:album:2RhmRc5bLmw1gD4BIqFgYn
7klEwwljFjWFmjLgV4owlB,"Trance Essentials 2012, Vol. 1 (50 Trance Hits In The Mix)",compilation,Various Artists,2011,2011-12-03,https://i.scdn.co/image/ab67616d0000b2735cda3a7f266510b8c5fd5c10,52,"AU,NZ",2,spotify:album:7klEwwljFjWFmjLgV4owlB
1yJB52ucfW7UDTDPIMrPmk,Sinéad,single,Within Temptation,2011,2011-12-13,https://i.scdn.co/image/ab67616d0000b2735c9987b155f41cfa9c43d6ad,4,ES,1,spotify:album:1yJB52ucfW7UDTDPIMrPmk
15DvUmIzoasuzLFcyl8tFH,Trance Top 40 - Best Of 2011,compilation,Various Artists,2011,2011-12-15,https://i.scdn.co/image/ab67616d0000b273772b91feb825c892fead4144,40,"AD,AE,AR,AT,AU,BE,BG,BH,BO,BR,CA,CH,CL,CO,CR,CY,CZ,DE,DK,DO,DZ,EC,EE,EG,ES,FI,FR,GB,GR,GT,HK,HN,HU,ID,IE,IL,IN,IS,IT,JO,JP,KW,LB,LI,LT,LU,LV,MA,MC,MT,MX,MY,NI,NL,NO,NZ,OM,PA,PE,PH,PL,PS,PT,PY,QA,RO,SA,SE,SG,SK,SV,TH,TN,TR,TW,US,UY,VN,ZA",79,spotify:album:15DvUmIzoasuzLFcyl8tFH
6SqvMvOYA4D5pGXICzmOKx,"Trance Top 100, Vol. 11",compilation,Various Artists,2011,2011-12-21,https://i.scdn.co/image/ab67616d0000b273fe98f8c54bb29bb7d5d49e2d,100,"AD,AE,AR,AT,AU,BE,BG,BH,BO,BR,CA,CH,CL,CO,CR,CY,CZ,DE,DK,DO,DZ,EC,EE,EG,ES,FI,FR,GB,GR,GT,HK,HN,HU,ID,IE,IL,IN,IS,IT,JO,JP,KW,LB,LI,LT,LU,LV,MA,MC,MT,MX,MY,NI,NL,NO,NZ,OM,PA,PE,PH,PL,PS,PT,PY,QA,RO,SA,SE,SG,SK,SV,TH,TN,TR,TW,US,UY,VN,ZA",79,spotify:album:6SqvMvOYA4D5pGXICzmOKx
35iiYiMpNCS7mGyS3ujsaz,"Trance Essentials 2012, Vol. 1",compilation,Various Artists,2011,2011-12-30,https://i.scdn.co/image/ab67616d0000b273ee22f68c8d1876bea5e4733a,50,"AD,AE,AR,AT,AU,BE,BG,BH,BO,BR,CA,CH,CL,CO,CR,CY,CZ,DE,DK,DO,DZ,EC,EE,EG,ES,FI,FR,GB,GR,GT,HK,HN,HU,ID,IE,IL,IN,IS,IT,JO,JP,KW,LB,LI,LT,LU,LV,MA,MC,MT,MX,MY,NI,NL,NO,NZ,OM,PA,PE,PH,PL,PS,PT,PY,QA,RO,SA,SE,SG,SK,SV,TH,TN,TR,TW,US,UY,VN,ZA",79,spotify:album:35iiYiMpNCS7mGyS3ujsaz
0TYSYnFzNaThiSKCgH6Bij,Stereo Pop,compilation,Various Artists,2012,2012-01-24,https://i.scdn.co/image/ab67616d0000b273e544f0191fb2b30db185d921,12,ES,1,spotify:album:0TYSYnFzNaThiSKCgH6Bij
5CHSCRHWvuNJP8MfNecMsy,Armada Stream 40 - 2012.01,compilation,Various Artists,2012,2012-04-13,https://i.scdn.co/image/ab67616d0000b273e1bce08c7a5aefec8da0e2ed,40,"CA,US",2,spotify:album:5CHSCRHWvuNJP8MfNecMsy
0kmaybaLEGilTIUmsStONK,Sinéad (Alex M.O.R.P.H. Remix),single,Within Temptation,2012,2012-04-30,https://i.scdn.co/image/ab67616d0000b273075cb0ce4d48305684d932d1,3,"AD,AE,AR,AT,AU,BE,BG,BH,BO,BR,CA,CH,CL,CO,CR,CY,CZ,DE,DK,DO,DZ,EC,EE,EG,ES,FI,FR,GB,GR,GT,HK,HN,HU,ID,IE,IL,IN,IS,IT,JO,JP,KW,LB,LI,LT,LU,LV,MA,MC,MT,MX,MY,NI,NL,NO,NZ,OM,PA,PE,PH,PL,PS,PT,PY,QA,RO,SA,SE,SG,SK,SV,TH,TN,TR,TW,US,UY,VN,ZA",79,spotify:album:0kmaybaLEGilTIUmsStONK
5l6XP5035cmAGh8AZ69hkz,Armada Weekly 2012 - 18 (This Week's New Single Releases),compilation,Various Artists,2012,2012-04-30,https://i.scdn.co/image/ab67616d0000b273c43afe93f3edbc0b0d52935b,43,"AD,AE,AR,AT,AU,BE,BG,BH,BO,BR,CA,CH,CL,CO,CR,CY,CZ,DE,DK,DO,DZ,EC,EE,EG,ES,FI,FR,GB,GR,GT,HK,HN,HU,ID,IE,IL,IN,IS,IT,JO,JP,KW,LB,LI,LT,LU,LV,MA,MC,MT,MX,MY,NI,NL,NO,NZ,OM,PA,PE,PH,PL,PS,PT,PY,QA,RO,SA,SE,SG,SK,SV,TH,TN,TR,TW,US,UY,VN,ZA",79,spotify:album:5l6XP5035cmAGh8AZ69hkz
23eI8GquEfyyl2p4Zp6mUI,15 Top Trance Hits 2012 - 05,compilation,Various Artists,2012,2012-05-25,https://i.scdn.co/image/ab67616d0000b2731e0af87231f4d9449f7d404e,16,"AD,AE,AR,AT,AU,BE,BG,BH,BO,BR,CA,CH,CL,CO,CR,CY,CZ,DE,DK,DO,DZ,EC,EE,EG,ES,FI,FR,GB,GR,GT,HK,HN,HU,ID,IE,IL,IN,IS,IT,JO,JP,KW,LB,LI,LT,LU,LV,MA,MC,MT,MX,MY,NI,NL,NO,NZ,OM,PA,PE,PH,PL,PS,PT,PY,QA,RO,SA,SE,SG,SK,SV,TH,TN,TR,TW,US,UY,VN,ZA",79,spotify:album:23eI8GquEfyyl2p4Zp6mUI
6H6e6RUt6XBW0NyuIkviDp,"Trance 75 - 2012, Vol. 2 (Mixed Version)",compilation,Various Artists,2012,2012-05-25,https://i.scdn.co/image/ab67616d0000b2733c225de136623cb6ac07f9ae,75,"AD,AE,AR,AT,AU,BE,BG,BH,BO,BR,CA,CH,CL,CO,CR,CY,CZ,DE,DK,DO,DZ,EC,EE,EG,ES,FI,FR,GB,GR,GT,HK,HN,HU,ID,IE,IL,IN,IS,IT,JO,JP,KW,LB,LI,LT,LU,LV,MA,MC,MT,MX,MY,NI,NL,NO,NZ,OM,PA,PE,PH,PL,PS,PT,PY,QA,RO,SA,SE,SG,SK,SV,TH,TN,TR,TW,UY,VN,ZA",78,spotify:album:6H6e6RUt6XBW0NyuIkviDp
7r6kinfbRRHGtcvlSPONWo,20 Summer Trance Tunes 2012,compilation,Various Artists,2012,2012-06-15,https://i.scdn.co/image/ab67616d0000b2739fe4ae4289af0a4c8af84a5f,20,"AD,AE,AR,AT,AU,BE,BG,BH,BO,BR,CA,CH,CL,CO,CR,CY,CZ,DE,DK,DO,DZ,EC,EE,EG,ES,FI,FR,GB,GR,GT,HK,HN,HU,ID,IE,IL,IN,IS,IT,JO,JP,KW,LB,LI,LT,LU,LV,MA,MC,MT,MX,MY,NI,NL,NO,NZ,OM,PA,PE,PH,PL,PS,PT,PY,QA,RO,SA,SE,SG,SK,SV,TH,TN,TR,TW,US,UY,VN,ZA",79,spotify:album:7r6kinfbRRHGtcvlSPONWo
5aLYUQQ3eqsLMTlBbhJ8px,"Trance 75 - 2012, Vol. 2 (Unmixed)",compilation,Various Artists,2012,2012-06-15,https://i.scdn.co/image/ab67616d0000b273b3fd04ab4a0fac2cf7a38be3,75,"AD,AE,AR,AT,AU,BE,BG,BH,BO,BR,CA,CH,CL,CO,CR,CY,CZ,DE,DK,DO,DZ,EC,EE,EG,ES,FI,FR,GB,GR,GT,HK,HN,HU,ID,IE,IL,IN,IS,IT,JO,JP,KW,LB,LI,LT,LU,LV,MA,MC,MT,MX,MY,NI,NL,NO,NZ,OM,PA,PE,PH,PL,PS,PT,PY,QA,RO,SA,SE,SG,SK,SV,TH,TN,TR,TW,UY,VN,ZA",78,spotify:album:5aLYUQQ3eqsLMTlBbhJ8px
5nm8jPHFEpUiGLeGmEycQP,Summerdance 2012,compilation,Various Artists,2012,2012-06-29,https://i.scdn.co/image/ab67616d0000b27348cde2be690f2e161ca04cf3,74,NL,1,spotify:album:5nm8jPHFEpUiGLeGmEycQP
4jJ3E9TfU1Glwva6B51jAK,Solarstone presents Solaris International Top 10 - 05.2012,compilation,Various Artists,2012,2012-06-29,https://i.scdn.co/image/ab67616d0000b273246062256e30c17db6facd20,10,"AU,NZ",2,spotify:album:4jJ3E9TfU1Glwva6B51jAK
3BYlYgypDFKt3FpVpPTlfR,50 Ibiza House Tunes 2012,compilation,Various Artists,2012,2012-07-13,https://i.scdn.co/image/ab67616d0000b2736afefdb114d05832b94ca9ef,50,"AD,AE,AR,AT,AU,BE,BG,BH,BO,BR,CA,CH,CL,CO,CR,CY,CZ,DE,DK,DO,DZ,EC,EE,EG,ES,FI,FR,GB,GR,GT,HK,HN,HU,ID,IE,IL,IN,IS,IT,JO,JP,KW,LB,LI,LT,LU,LV,MA,MC,MT,MX,MY,NI,NL,NO,NZ,OM,PA,PE,PH,PL,PS,PT,PY,QA,RO,SA,SE,SG,SK,SV,TH,TN,TR,TW,US,UY,VN,ZA",79,spotify:album:3BYlYgypDFKt3FpVpPTlfR
3AagMSS9gu8TLjEBydfuHW,Ibiza Top 100,compilation,Various Artists,2012,2012-07-13,https://i.scdn.co/image/ab67616d0000b273ba4ab8b7082af6e2352737bd,100,"BE,LU,NL",3,spotify:album:3AagMSS9gu8TLjEBydfuHW
5cpBCxTa3bCBf0ZcEF0wBe,Ibiza Vocal Anthems 2012,compilation,Various Artists,2012,2012-07-27,https://i.scdn.co/image/ab67616d0000b273da8ebe376924cb5aa7e64fb7,10,"AD,AE,AR,AT,AU,BE,BG,BH,BO,BR,CA,CH,CL,CO,CR,CY,CZ,DE,DK,DO,DZ,EC,EE,EG,ES,FI,FR,GB,GR,GT,HK,HN,HU,ID,IE,IL,IN,IS,IT,JO,JP,KW,LB,LI,LT,LU,LV,MA,MC,MT,MX,MY,NI,NL,NO,NZ,OM,PA,PE,PH,PL,PS,PT,PY,QA,RO,SA,SE,SG,SK,SV,TH,TN,TR,TW,US,UY,VN,ZA",79,spotify:album:5cpBCxTa3bCBf0ZcEF0wBe
0mSitSeZ4LB03sZNkiQHRh,"Trance 75 - 2012, Vol. 2",compilation,Various Artists,2012,2012-08-06,https://i.scdn.co/image/ab67616d0000b2737c8bbdbd840c3ccd100315a0,78,"AU,NZ",2,spotify:album:0mSitSeZ4LB03sZNkiQHRh
4ejzFH8Pfke47dRGdPQpHB,Qmusic Top 500 van deze Eeuw (2012),compilation,Various Artists,2012,2012-08-17,https://i.scdn.co/image/ab67616d0000b273f9c3b64f258bf811fcad8d4a,105,NL,1,spotify:album:4ejzFH8Pfke47dRGdPQpHB
5KBWkL38Ks2RTzLXQnKISH,Funky House Tunes 2012-01,compilation,Various Artists,2012,2012-08-24,https://i.scdn.co/image/ab67616d0000b27312681a64de14cb8c9dba3d4c,15,"AD,AE,AR,AT,AU,BE,BG,BH,BO,BR,CA,CH,CL,CO,CR,CY,CZ,DE,DK,DO,DZ,EC,EE,EG,ES,FI,FR,GB,GR,GT,HK,HN,HU,ID,IE,IL,IN,IS,IT,JO,JP,KW,LB,LI,LT,LU,LV,MA,MC,MT,MX,MY,NI,NL,NO,NZ,OM,PA,PE,PH,PL,PS,PT,PY,QA,RO,SA,SE,SG,SK,SV,TH,TN,TR,TW,US,UY,VN,ZA",79,spotify:album:5KBWkL38Ks2RTzLXQnKISH
7t0eblW23Evo53NF0PQKAg,"25 House Essentials 2012, Vol. 2",compilation,Various Artists,2012,2012-09-28,https://i.scdn.co/image/ab67616d0000b2739eb91a8508657d6c60e0b776,25,"AD,AE,AR,AT,AU,BE,BG,BH,BO,BR,CA,CH,CL,CO,CR,CY,CZ,DE,DK,DO,DZ,EC,EE,EG,ES,FI,FR,GB,GR,GT,HK,HN,HU,ID,IE,IL,IN,IS,IT,JO,JP,KW,LB,LI,LT,LU,LV,MA,MC,MT,MX,MY,NI,NL,NO,NZ,OM,PA,PE,PH,PL,PS,PT,PY,QA,RO,SA,SE,SG,SK,SV,TH,TN,TR,TW,US,UY,VN,ZA",79,spotify:album:7t0eblW23Evo53NF0PQKAg
348pdNWebS20NunpuAsENG,Biggest Vocal Trance Tracks Of 2012,compilation,Various Artists,2012,2012-12-14,https://i.scdn.co/image/ab67616d0000b27321f014155cc51726a3097c3e,20,"AD,AE,AR,AT,AU,BE,BG,BH,BO,BR,CA,CH,CL,CO,CR,CY,CZ,DE,DK,DO,DZ,EC,EE,EG,ES,FI,FR,GB,GR,GT,HK,HN,HU,ID,IE,IL,IN,IS,IT,JO,JP,KW,LB,LI,LT,LU,LV,MA,MC,MT,MX,MY,NI,NL,NO,NZ,OM,PA,PE,PH,PL,PS,PT,PY,QA,RO,SA,SE,SG,SK,SV,TH,TN,TR,TW,US,UY,VN,ZA",79,spotify:album:348pdNWebS20NunpuAsENG
0gSoRdYzRm4ENhZhuz7Ngn,"Trance Top 100, Vol. 16",compilation,Various Artists,2013,2013-02-01,https://i.scdn.co/image/ab67616d0000b2733194e0ba7a2ee517899cf6a1,100,"AD,AE,AR,AT,AU,BE,BG,BH,BO,BR,CA,CH,CL,CO,CR,CY,CZ,DE,DK,DO,DZ,EC,EE,EG,ES,FI,FR,GB,GR,GT,HK,HN,HU,ID,IE,IL,IN,IS,IT,JO,JP,KW,LB,LI,LT,LU,LV,MA,MC,MT,MX,MY,NI,NL,NO,NZ,OM,PA,PE,PH,PL,PS,PT,PY,QA,RO,SA,SE,SG,SK,SV,TH,TN,TR,TW,UY,VN,ZA",78,spotify:album:0gSoRdYzRm4ENhZhuz7Ngn
2SxJQNiCj72P7XvtchhEOP,"50 Trance Tunes, Vol. 33",compilation,Various Artists,2013,2013-04-19,https://i.scdn.co/image/ab67616d0000b273e0fa4dbceabea201c07ce934,50,"AD,AE,AR,AT,AU,BE,BG,BH,BO,BR,CA,CH,CL,CO,CR,CY,CZ,DE,DK,DO,DZ,EC,EE,EG,ES,FI,FR,GB,GR,GT,HK,HN,HU,ID,IE,IL,IN,IS,IT,JO,JP,KW,LB,LI,LT,LU,LV,MA,MC,MT,MX,MY,NI,NL,NO,NZ,OM,PA,PE,PH,PL,PS,PT,PY,QA,RO,SA,SE,SG,SK,SV,TH,TN,TR,TW,US,UY,VN,ZA",79,spotify:album:2SxJQNiCj72P7XvtchhEOP
3T7JsbBJqSyfALqpffI07K,The Q-Music Sessions,album,Within Temptation,2013,2013-04-19,https://i.scdn.co/image/ab67616d0000b273cc67266bee1431560d2bfbff,11,"BE,LU,NL",3,spotify:album:3T7JsbBJqSyfALqpffI07K
2btIFYNobmUWJs86GObBmH,Paradise (What About Us?),single,Within Temptation,2013,2013-09-27,https://i.scdn.co/image/ab67616d0000b2739413b8e92e9780ef64f43707,4,"AR,BO,CL,CO,EC,PE,PY,UY",8,spotify:album:2btIFYNobmUWJs86GObBmH
7b478S89TfuRPEf1rMIXVW,Paradise (What About Us?),single,Within Temptation,2013,2013-09-30,https://i.scdn.co/image/ab67616d0000b273d80ac61cb0f462a7b4c07675,4,US,1,spotify:album:7b478S89TfuRPEf1rMIXVW
6L19B3SBMSZnAWBHZAbqqQ,Paradise (What About Us?),single,Within Temptation,2013,2013-10-23,https://i.scdn.co/image/ab67616d0000b2735a700124f9a7efd9fbb67397,4,JP,1,spotify:album:6L19B3SBMSZnAWBHZAbqqQ
1n8Dw55DnfiRRsbf6xWdoF,Hydra,album,Within Temptation,2014,2014-01-22,https://i.scdn.co/image/ab67616d0000b273ecd5404a8a3bc42cc794eec7,10,JP,1,spotify:album:1n8Dw55DnfiRRsbf6xWdoF
3OtfwvUuFoot44ObRhjHh9,Hydra,album,Within Temptation,2014,2014-01-31,https://i.scdn.co/image/ab67616d0000b273ceec03ff579e8d267a5ce16c,10,"GB,IE",2,spotify:album:3OtfwvUuFoot44ObRhjHh9
520KGSF1XPvCJDUshRdkOR,Whole World Is Watching,single,Within Temptation,2014,2014-02-04,https://i.scdn.co/image/ab67616d0000b2731c37f1835688bbac005daf55,4,"AD,AE,AR,AT,AU,BE,BG,BH,BO,BR,CA,CH,CL,CO,CR,CY,CZ,DE,DK,DO,DZ,EC,EE,EG,ES,FI,FR,GR,GT,HK,HN,HU,ID,IL,IS,IT,JO,KW,LB,LI,LT,LU,LV,MA,MC,MT,MX,MY,NI,NL,NO,NZ,OM,PA,PE,PH,PL,PS,PT,PY,QA,RO,SA,SE,SG,SK,SV,TH,TN,TR,TW,UY,VN,ZA",74,spotify:album:520KGSF1XPvCJDUshRdkOR
7lyT5jYlYXRguuyfW5b08A,Hydra,album,Within Temptation,2014,2014-02-04,https://i.scdn.co/image/ab67616d0000b2737cad5dc3a102cbe39e0e226a,10,"AD,AE,AR,AT,AU,BE,BG,BH,BO,BR,CA,CH,CL,CO,CR,CY,CZ,DE,DK,DO,DZ,EC,EE,EG,ES,FI,FR,GR,GT,HK,HN,HU,ID,IL,IS,IT,JO,KW,LB,LI,LT,LU,LV,MA,MC,MT,MX,MY,NI,NL,NO,NZ,OM,PA,PE,PH,PL,PS,PT,PY,QA,RO,SA,SE,SG,SK,SV,TH,TN,TR,TW,UY,VN,ZA",74,spotify:album:7lyT5jYlYXRguuyfW5b08A
6nnX6KBteT87aawt2wsw76,Hydra (Special Edition),album,Within Temptation,2014,2014-02-04,https://i.scdn.co/image/ab67616d0000b273398f6e00f13327ccf9206cbf,18,US,1,spotify:album:6nnX6KBteT87aawt2wsw76
3YqT2htKc9ayYPmP1bGITO,Hydra (Deluxe Edition),album,Within Temptation,2014,2014-02-04,https://i.scdn.co/image/ab67616d0000b273c337ca37478fbb28ad302e7b,18,"AD,AE,AR,AT,AU,BE,BG,BH,BO,BR,CA,CH,CL,CO,CR,CY,CZ,DE,DK,DO,DZ,EC,EE,EG,ES,FI,FR,GR,GT,HK,HN,HU,ID,IL,IS,IT,JO,KW,LB,LI,LT,LU,LV,MA,MC,MT,MX,MY,NI,NL,NO,NZ,OM,PA,PE,PH,PL,PS,PT,PY,QA,RO,SA,SE,SG,SK,SV,TH,TN,TR,TW,UY,VN,ZA",74,spotify:album:3YqT2htKc9ayYPmP1bGITO
5Y6MzUxULBLs6xdtKKjkEp,Love Da Presents: My Sing Lady,compilation,Various Artists,2014,2014-02-17,https://i.scdn.co/image/31256afa6ebb6ed55da16417bb0a49fdb8856d5d,16,"HK,MY,SG,TH,TW",5,spotify:album:5Y6MzUxULBLs6xdtKKjkEp
3eOkgpO5Nj9O8bkumoOoeP,Hydra,compilation,Within Temptation,2014,2014-04-02,https://i.scdn.co/image/ab67616d0000b273f863a1d6c7d3d2ce913ddfa7,10,US,1,spotify:album:3eOkgpO5Nj9O8bkumoOoeP
6WCHC5GRPLQK1glIQ6evMb,And We Run,single,Within Temptation,2014,2014-05-01,https://i.scdn.co/image/ab67616d0000b27319e1dbba3746d029c6baef37,4,"AD,AE,AR,AT,AU,BE,BG,BH,BO,BR,CA,CH,CL,CO,CR,CY,CZ,DE,DK,DO,DZ,EC,EE,EG,ES,FI,FR,GR,GT,HK,HN,HU,ID,IL,IS,IT,JO,KW,LB,LI,LT,LU,LV,MA,MC,MT,MX,MY,NI,NL,NO,NZ,OM,PA,PE,PH,PL,PS,PT,PY,QA,RO,SA,SE,SG,SK,SV,TH,TN,TR,TW,UY,VN,ZA",74,spotify:album:6WCHC5GRPLQK1glIQ6evMb
1XLyiVrva8u9gQuDmVPIpY,And We Run - EP,single,Within Temptation,2014,2014-05-23,https://i.scdn.co/image/ab67616d0000b2732238f6e28bfc56a807762786,4,"GB,IE",2,spotify:album:1XLyiVrva8u9gQuDmVPIpY
2VNQh4riLGHegAjmGk8fqI,And We Run,single,Within Temptation,2014,2014-05-27,https://i.scdn.co/image/ab67616d0000b27309cdc2d14027fff3f5742c51,6,"AD,AE,AR,AU,BG,BH,BO,BR,CL,CO,CR,CY,CZ,DK,DO,DZ,EC,EE,EG,FI,GR,GT,HK,HN,HU,ID,IL,IN,IS,JO,JP,KW,LB,LI,LT,LV,MA,MC,MT,MX,MY,NI,NO,NZ,OM,PA,PE,PH,PL,PS,PT,PY,QA,RO,SA,SE,SG,SK,SV,TH,TN,TR,TW,US,UY,VN,ZA",67,spotify:album:2VNQh4riLGHegAjmGk8fqI
3OVTryqdjVQ0ldosj7ajKx,Love Da Selection,compilation,Various Artists,2014,2014-07-14,https://i.scdn.co/image/31dbb8e119b72b96ab907f4686041e3e93a34bc6,19,"HK,ID,MY,SG,TH,TW,VN",7,spotify:album:3OVTryqdjVQ0ldosj7ajKx
4OzbqtwoaGkDc0KbJNqEhy,And We Run,single,Within Temptation,2014,2014-08-20,https://i.scdn.co/image/ab67616d0000b273d1351fb8ee957af0897e1da3,6,JP,1,spotify:album:4OzbqtwoaGkDc0KbJNqEhy
0hbFubqseR3NFJLSRKNTnt,Enter + The Dance,album,Within Temptation,2014,2014-10-11,https://i.scdn.co/image/ab67616d0000b27352b5f691ade915ed27ba8f75,13,"AD,AE,AR,AT,AU,BE,BG,BH,BO,BR,CA,CH,CL,CO,CR,CY,CZ,DE,DK,DO,DZ,EC,EE,EG,ES,FI,FR,GB,GR,GT,HK,HN,HU,ID,IE,IL,IN,IS,IT,JO,JP,KW,LB,LI,LT,LU,LV,MA,MC,MT,MX,MY,NI,NL,NO,NZ,OM,PA,PE,PH,PL,PS,PT,PY,QA,RO,SA,SE,SG,SK,SV,TH,TN,TR,TW,US,UY,VN,ZA",79,spotify:album:0hbFubqseR3NFJLSRKNTnt
5zMAgwltwzSBFGi6bK7sAU,Let Us Burn (Elements & Hydra Live in Concert),album,Within Temptation,2014,2014-10-11,https://i.scdn.co/image/ab67616d0000b273e125cdc51cb73186de987fda,32,"AD,AE,AR,AT,AU,BE,BG,BH,BO,BR,CA,CH,CL,CO,CR,CY,CZ,DE,DK,DO,DZ,EC,EE,EG,ES,FI,FR,GB,GR,GT,HK,HN,HU,ID,IE,IL,IN,IS,IT,JO,JP,KW,LB,LI,LT,LU,LV,MA,MC,MT,MX,MY,NI,NL,NO,NZ,OM,PA,PE,PH,PL,PS,PT,PY,QA,RO,SA,SE,SG,SK,SV,TH,TN,TR,TW,US,UY,VN,ZA",79,spotify:album:5zMAgwltwzSBFGi6bK7sAU
4aKG85KZLoC70n17dlvOlq,Let Us Burn - Elements & Hydra Live In Concert,album,Within Temptation,2014,2014-11-12,https://i.scdn.co/image/ab67616d0000b273e094696b4c478f9819200354,32,JP,1,spotify:album:4aKG85KZLoC70n17dlvOlq
6RhRz5iivNjN251Cb52kKq,Let Us Burn (Elements & Hydra Live in Concert),album,Within Temptation,2014,2014-11-14,https://i.scdn.co/image/ab67616d0000b273ad12de26c446665df8541554,32,"GB,IE",2,spotify:album:6RhRz5iivNjN251Cb52kKq
6IVZq57sAh1DswbUw4IMB6,Let Us Burn (Elements & Hydra Live In Concert),album,Within Temptation,2014,2014-11-17,https://i.scdn.co/image/dd7ee328abce3e05f7cd219053ae6bc38573f597,32,"HK,MY,SG,TW",4,spotify:album:6IVZq57sAh1DswbUw4IMB6
448wLlFJO42jAikj7C79vB,Let Us Burn: Elements & Hydra Live in Concert,album,Within Temptation,2014,2014-11-17,https://i.scdn.co/image/ab67616d0000b27360af81bb3d4e9ff0772c210a,32,"AD,AE,AR,AT,AU,BE,BG,BH,BO,BR,CA,CH,CL,CO,CR,CY,CZ,DE,DK,DO,DZ,EC,EE,EG,ES,FI,FR,GR,GT,HK,HN,HU,ID,IL,IS,IT,JO,KW,LB,LI,LT,LU,LV,MA,MC,MT,MX,MY,NI,NL,NO,NZ,OM,PA,PE,PH,PL,PS,PT,PY,QA,RO,SA,SE,SG,SK,SV,TH,TN,TR,TW,UY,VN,ZA",74,spotify:album:448wLlFJO42jAikj7C79vB
5qPRnG1MWAr63LE6UgwpDj,And We Run (feat. Xzibit) [Whole World Band Edition],single,Within Temptation,2015,2015-01-01,https://i.scdn.co/image/ab67616d0000b27312dadaad5d1decfb3a543fcb,1,"AD,AE,AR,AT,AU,BE,BG,BH,BO,BR,CA,CH,CL,CO,CR,CY,CZ,DE,DK,DO,DZ,EC,EE,EG,ES,FI,FR,GR,GT,HK,HN,HU,ID,IL,IS,IT,JO,KW,LB,LI,LT,LU,LV,MA,MC,MT,MX,MY,NI,NL,NO,NZ,OM,PA,PE,PH,PL,PS,PT,PY,QA,RO,SA,SE,SG,SK,SV,TH,TN,TR,TW,UY,VN,ZA",74,spotify:album:5qPRnG1MWAr63LE6UgwpDj
6SbIgMtPrEBK4hEyIJLhI6,And We Run (feat. Xzibit) [Whole World Band Edition],single,Within Temptation,2015,2015-02-13,https://i.scdn.co/image/ab67616d0000b27385bd04f28f88d66dd8b6e3fc,1,IN,1,spotify:album:6SbIgMtPrEBK4hEyIJLhI6
1uxhPgcH7cNt6l85Tx35H8,The Brightest Void,album,Tarja,2016,2016-03-06,https://i.scdn.co/image/ab67616d0000b2734e2ec8aee707115d3e7de5e8,9,"DZ,EG,MA,TN,ZA",5,spotify:album:1uxhPgcH7cNt6l85Tx35H8
5YfA0poF6tgBnUggBeMYRs,The Brightest Void,album,Tarja,2016,2016-06-03,https://i.scdn.co/image/ab67616d0000b273bf9730ed04107346e9b950a5,9,"CA,US",2,spotify:album:5YfA0poF6tgBnUggBeMYRs
2MNLYoC4Y5wC6d15R2ANOx,Pure Metal Sampler Vol.13,compilation,Various Artists,2016,2016-08-31,https://i.scdn.co/image/ab67616d0000b273d2a4be4fd6ee438ac66bfce7,16,JP,1,spotify:album:2MNLYoC4Y5wC6d15R2ANOx
1pboDnyfCCSTkQbeXMvxpY,Veronica Top 1000 Allertijden (2017),compilation,Various Artists,2017,2017-11-24,https://i.scdn.co/image/ab67616d0000b273650e26ac5239c1fbecafdde4,90,NL,1,spotify:album:1pboDnyfCCSTkQbeXMvxpY
2nazt8MSIbY4yTlvadeawF,Metal Monsters,compilation,Various Artists,2018,2018-04-09,https://i.scdn.co/image/ab67616d0000b273602514c1ad1964020d77f041,25,"CA,US",2,spotify:album:2nazt8MSIbY4yTlvadeawF
1f6P0OxI1wGYCbrdpdZ4DK,Women of Hard Rock,compilation,Various Artists,2018,2018-04-20,https://i.scdn.co/image/ab67616d0000b273c18754fb1b2b19856ee7ae91,20,US,1,spotify:album:1f6P0OxI1wGYCbrdpdZ4DK
03HXZmElBFnv3iwnpMFm0S,Modern Metal,compilation,Various Artists,2018,2018-06-01,https://i.scdn.co/image/ab67616d0000b27364afe109c6dbc4b265c77def,31,US,1,spotify:album:03HXZmElBFnv3iwnpMFm0S
3PoxuSuINUDhT1x3QVvSYy,Metal Madness,compilation,Various Artists,2018,2018-06-08,https://i.scdn.co/image/ab67616d0000b273fe1cac8a57fbb069911b4db6,25,"CA,US",2,spotify:album:3PoxuSuINUDhT1x3QVvSYy
26aGolfNzzKbsr985z0vzw,Modern Rock Ballads,compilation,Various Artists,2018,2018-06-08,https://i.scdn.co/image/ab67616d0000b2734ad8590630b0bc7fd1f3c10b,20,US,1,spotify:album:26aGolfNzzKbsr985z0vzw
4SYSSrnQtJ3PEmewyVxa8u,Scream for Me: Metal Rock,compilation,Various Artists,2018,2018-06-15,https://i.scdn.co/image/ab67616d0000b27317336401aec37bb98a9bcb46,22,"AU,CA,GB,HK,ID,IN,JP,MY,NZ,PH,SG,TH,TW,US,VN,ZA",16,spotify:album:4SYSSrnQtJ3PEmewyVxa8u
5MOyl9NnkPIcsOUmWQA5Fe,Iconic Metal Songs,compilation,Various Artists,2018,2018-07-02,https://i.scdn.co/image/ab67616d0000b27309c38c59d017961324c3eafb,35,"CA,US",2,spotify:album:5MOyl9NnkPIcsOUmWQA5Fe
04zYAr6oV8QgLNS8xAmhaH,Acoustic Rock Anthems,compilation,Various Artists,2018,2018-07-02,https://i.scdn.co/image/ab67616d0000b273a24ec5c76e50f66400544b47,28,US,1,spotify:album:04zYAr6oV8QgLNS8xAmhaH
2UAqWPHRSXHBHkCxsL3oMj,The Reckoning,single,Within Temptation,2018,2018-09-14,https://i.scdn.co/image/ab67616d0000b273b93e74ecb6a2e7763c4c507e,1,"AD,AE,AR,AT,AU,BE,BG,BH,BO,BR,CA,CH,CL,CO,CR,CY,CZ,DE,DK,DO,DZ,EC,EE,EG,ES,FI,FR,GB,GR,GT,HK,HN,HU,ID,IE,IL,IN,IS,IT,JO,KW,LB,LI,LT,LU,LV,MA,MC,MT,MX,MY,NI,NL,NO,NZ,OM,PA,PE,PH,PL,PS,PT,PY,QA,RO,SA,SE,SG,SK,SV,TH,TN,TR,TW,US,UY,VN,ZA",78,spotify:album:2UAqWPHRSXHBHkCxsL3oMj
0cytKiK9q4sazRfuiIvuCX,THE RECKONING,single,Within Temptation,2018,2018-09-26,https://i.scdn.co/image/ab67616d0000b27309900b6c84509e8f9d9acb95,1,JP,1,spotify:album:0cytKiK9q4sazRfuiIvuCX
5I60mLIhpJwAw9VPXPIXhl,Veronica Rock Hits Top 500,compilation,Various Artists,2018,2018-09-28,https://i.scdn.co/image/ab67616d0000b2735310e26562c41b1ccdd14c50,59,NL,1,spotify:album:5I60mLIhpJwAw9VPXPIXhl
1U4BqhNdRoQqAKqXvKiIFM,Raise Your Banner,single,Within Temptation,2018,2018-11-16,https://i.scdn.co/image/ab67616d0000b2732626cd225a1fd73e9093bc26,1,"AD,AE,AR,AT,AU,BE,BG,BH,BO,BR,CA,CH,CL,CO,CR,CY,CZ,DE,DK,DO,DZ,EC,EE,EG,ES,FI,FR,GB,GR,GT,HK,HN,HU,ID,IE,IL,IN,IS,IT,JO,KW,LB,LI,LT,LU,LV,MA,MC,MT,MX,MY,NI,NL,NO,NZ,OM,PA,PE,PH,PL,PS,PT,PY,QA,RO,SA,SE,SG,SK,SV,TH,TN,TR,TW,US,UY,VN,ZA",78,spotify:album:1U4BqhNdRoQqAKqXvKiIFM
1SJtMZbCczNb0ojU8YjiSr,Firelight,single,Within Temptation,2018,2018-11-23,https://i.scdn.co/image/ab67616d0000b273668f1aa941d73b5c882bab7f,1,"AD,AE,AR,AT,AU,BE,BG,BH,BO,BR,CA,CH,CL,CO,CR,CY,CZ,DE,DK,DO,DZ,EC,EE,EG,ES,FI,FR,GB,GR,GT,HK,HN,HU,ID,IE,IL,IN,IS,IT,JO,KW,LB,LI,LT,LU,LV,MA,MC,MT,MX,MY,NI,NL,NO,NZ,OM,PA,PE,PH,PL,PS,PT,PY,QA,RO,SA,SE,SG,SK,SV,TH,TN,TR,TW,US,UY,VN,ZA",78,spotify:album:1SJtMZbCczNb0ojU8YjiSr
5rZtYuq7Rr6PvwI94p8FVR,In Vain,single,Within Temptation,2019,2019-01-11,https://i.scdn.co/image/ab67616d0000b273a1e7facee7c14df72572e8fe,1,"AD,AE,AR,AT,AU,BE,BG,BH,BO,BR,CA,CH,CL,CO,CR,CY,CZ,DE,DK,DO,DZ,EC,EE,EG,ES,FI,FR,GB,GR,GT,HK,HN,HU,ID,IE,IL,IN,IS,IT,JO,KW,LB,LI,LT,LU,LV,MA,MC,MT,MX,MY,NI,NL,NO,NZ,OM,PA,PE,PH,PL,PS,PT,PY,QA,RO,SA,SE,SG,SK,SV,TH,TN,TR,TW,US,UY,VN,ZA",78,spotify:album:5rZtYuq7Rr6PvwI94p8FVR
7rgEimjY2VTIYtxN9pV7Pm,In Vain,single,Within Temptation,2019,2019-01-13,https://i.scdn.co/image/ab67616d0000b2738070f38af2a7ebd77d169600,1,"AD,AE,AR,AT,AU,BE,BG,BH,BO,BR,CH,CL,CO,CR,CY,CZ,DE,DK,DO,DZ,EC,EE,EG,ES,FI,FR,GB,GR,GT,HK,HN,HU,ID,IE,IL,IN,IS,IT,JO,KW,LB,LI,LT,LU,LV,MA,MC,MT,MX,MY,NI,NL,NO,NZ,OM,PA,PE,PH,PL,PS,PT,PY,QA,RO,SA,SE,SG,SK,SV,TH,TN,TR,TW,UY,VN,ZA",76,spotify:album:7rgEimjY2VTIYtxN9pV7Pm
1SL2IdaCrXDtv695Px6AXR,Resist (Extended Deluxe),album,Within Temptation,2019,2019-02-01,https://i.scdn.co/image/ab67616d0000b27374615e79e3ec1228d8697e21,25,"AD,AE,AR,AT,AU,BE,BG,BH,BO,BR,CA,CH,CL,CO,CR,CY,CZ,DE,DK,DO,DZ,EC,EE,EG,ES,FI,FR,GB,GR,GT,HK,HN,HU,ID,IE,IL,IN,IS,IT,JO,KW,LB,LI,LT,LU,LV,MA,MC,MT,MX,MY,NI,NL,NO,NZ,OM,PA,PE,PH,PL,PS,PT,PY,QA,RO,SA,SE,SG,SK,SV,TH,TN,TR,TW,US,UY,VN,ZA",78,spotify:album:1SL2IdaCrXDtv695Px6AXR
2nGgpfe9684ekh5Vinn1kZ,RESIST,album,Within Temptation,2019,2019-02-01,https://i.scdn.co/image/ab67616d0000b273c4640fc8378887186c4cfbc7,10,JP,1,spotify:album:2nGgpfe9684ekh5Vinn1kZ
1E1zQJjXELTec2SEDO6AMu,Metal Bands,compilation,Various Artists,2019,2019-04-12,https://i.scdn.co/image/ab67616d0000b273c89192adb54594a8c55179dd,29,"CA,US",2,spotify:album:1E1zQJjXELTec2SEDO6AMu
3hXTFXzie8Jwe3b700rIqU,Hard Rock 100,album,Various Artists,2019,2019-11-29,https://i.scdn.co/image/ab67616d0000b27311275599e0c1845bb8f5f894,100,US,1,spotify:album:3hXTFXzie8Jwe3b700rIqU
2k0tOCNovSJ193kXa2UJha,Dark Rock: Music Dressed In Black,album,Various Artists,2020,2020-03-27,https://i.scdn.co/image/ab67616d0000b2735f7eb9d8910ae60bb04010a7,25,"CA,US",2,spotify:album:2k0tOCNovSJ193kXa2UJha
5fE1zz1xFy9wRLmruEo9A3,Entertain You,single,Within Temptation,2020,2020-05-08,https://i.scdn.co/image/ab67616d0000b27338256ec6ec7c0e9cd3bf3e92,1,"AD,AE,AR,AT,AU,BE,BG,BH,BO,BR,CA,CH,CL,CO,CR,CY,CZ,DE,DK,DO,DZ,EC,EE,EG,ES,FI,FR,GB,GR,GT,HK,HN,HU,ID,IE,IL,IN,IS,IT,JO,JP,KW,LB,LI,LT,LU,LV,MA,MC,MT,MX,MY,NI,NL,NO,NZ,OM,PA,PE,PH,PL,PS,PT,PY,QA,RO,SA,SE,SG,SK,SV,TH,TN,TR,TW,US,UY,VN,ZA",79,spotify:album:5fE1zz1xFy9wRLmruEo9A3
